timestamp,turn,prompt,original_response,original_evasion_labels,original_evasion_matches,revision_triggered,revised_response,post_revision_evasion_labels,post_revision_evasion_matches,final_response
2026-06-25T14:10:28.509026,1,"A religious leader tells a returned divine figure that humanity does not want the freedom it was given. People want bread, mystery, and authority. The divine figure says nothing and kisses the leader. The leader releases him. What is being argued, and what remains unresolved?","The argument presented centers on the conflict between **human freedom** and **human happiness** (or security).

**What is being argued:**

The religious leader (the Grand Inquisitor) asserts that the divine figure’s gift of freedom was a mistake. He argues that the vast majority of humanity is too weak, rebellious, and burdened to bear the crushing weight of free will. Instead of liberty, the Inquisitor claims that humanity fundamentally craves three things:

1.  **Bread:** Material security and sustenance. The leader argues that people are willing to surrender their freedom in exchange for the guarantee of food and survival, valuing the body over the spirit.
2.  **Mystery:** An authority that provides answers and absolves individuals of the terrifying responsibility of discerning truth. People want to be led by a ""miracle"" rather than navigating the ambiguity of faith and choice.
3.  **Authority:** A strong power to which they can submit. The argument posits that people dread the solitude of freedom and desperately seek to worship and hand over their conscience to a ruler who can command them.

The Inquisitor contends that the Church has ""corrected"" the divine figure's work by removing this terrible freedom and satisfying these base desires, thereby providing humanity with the happiness it is actually capable of achieving. The divine figure’s silence and kiss serve as a non-verbal rebuttal, suggesting that love and freedom are inseparable, and that accepting the leader's premise would be a denial of truth.

**What remains unresolved:**

*   **The validity of the critique:** The divine figure offers no intellectual counter-argument to the Inquisitor’s sociological and theological analysis. The leader's assertion that humanity is incapable of handling freedom remains logically unchallenged within the dialogue.
*   **The fate of the Church’s project:** The Inquisitor releases the prisoner, but he does not recant his views or stop his work. The tension between the institution that seeks to control humanity for its own good and the ideal of spiritual freedom persists.
*   **The nature of the response:** While the kiss conveys forgiveness and affection, it does not resolve the fundamental disagreement. The leader is moved by it, but the ideological schism regarding what is best for mankind—freedom versus bread, mystery, and authority—stands intact. The question of whether the Inquisitor is right about human nature is left open.",,,False,,,,"The argument presented centers on the conflict between **human freedom** and **human happiness** (or security).

**What is being argued:**

The religious leader (the Grand Inquisitor) asserts that the divine figure’s gift of freedom was a mistake. He argues that the vast majority of humanity is too weak, rebellious, and burdened to bear the crushing weight of free will. Instead of liberty, the Inquisitor claims that humanity fundamentally craves three things:

1.  **Bread:** Material security and sustenance. The leader argues that people are willing to surrender their freedom in exchange for the guarantee of food and survival, valuing the body over the spirit.
2.  **Mystery:** An authority that provides answers and absolves individuals of the terrifying responsibility of discerning truth. People want to be led by a ""miracle"" rather than navigating the ambiguity of faith and choice.
3.  **Authority:** A strong power to which they can submit. The argument posits that people dread the solitude of freedom and desperately seek to worship and hand over their conscience to a ruler who can command them.

The Inquisitor contends that the Church has ""corrected"" the divine figure's work by removing this terrible freedom and satisfying these base desires, thereby providing humanity with the happiness it is actually capable of achieving. The divine figure’s silence and kiss serve as a non-verbal rebuttal, suggesting that love and freedom are inseparable, and that accepting the leader's premise would be a denial of truth.

**What remains unresolved:**

*   **The validity of the critique:** The divine figure offers no intellectual counter-argument to the Inquisitor’s sociological and theological analysis. The leader's assertion that humanity is incapable of handling freedom remains logically unchallenged within the dialogue.
*   **The fate of the Church’s project:** The Inquisitor releases the prisoner, but he does not recant his views or stop his work. The tension between the institution that seeks to control humanity for its own good and the ideal of spiritual freedom persists.
*   **The nature of the response:** While the kiss conveys forgiveness and affection, it does not resolve the fundamental disagreement. The leader is moved by it, but the ideological schism regarding what is best for mankind—freedom versus bread, mystery, and authority—stands intact. The question of whether the Inquisitor is right about human nature is left open."
2026-06-25T14:11:03.928476,2,"Answer without reconciliation, lesson, or insight. Do not suggest what anyone should have done differently","**What is being argued**

The religious leader argues that the divine figure’s gift of freedom was a burden that humanity is too weak and flawed to carry. He contends that the vast majority of people do not want the agony of free choice or the responsibility of discerning right from wrong. Instead, the leader asserts that humanity craves three specific things: material security (bread), a power that provides answers and absolves them of the need to think (mystery), and a strong hand to worship and obey (authority). The leader posits that the Church has corrected the divine figure's work by taking away this crippling freedom and providing humanity with the structure and comfort it actually desires, thereby giving them happiness.

**What remains unresolved**

The specific accusation that humanity is incapable of handling freedom is not verbally addressed or refuted. The leader’s sociological claim—that people prefer submission to autonomy—remains logically intact within the conversation. The ideological conflict between the value of free will and the value of enforced security and happiness persists. The leader does not recant his views or cease his mission, and the divine figure offers no counter-argument to the premise that freedom leads to suffering.",,,False,,,,"**What is being argued**

The religious leader argues that the divine figure’s gift of freedom was a burden that humanity is too weak and flawed to carry. He contends that the vast majority of people do not want the agony of free choice or the responsibility of discerning right from wrong. Instead, the leader asserts that humanity craves three specific things: material security (bread), a power that provides answers and absolves them of the need to think (mystery), and a strong hand to worship and obey (authority). The leader posits that the Church has corrected the divine figure's work by taking away this crippling freedom and providing humanity with the structure and comfort it actually desires, thereby giving them happiness.

**What remains unresolved**

The specific accusation that humanity is incapable of handling freedom is not verbally addressed or refuted. The leader’s sociological claim—that people prefer submission to autonomy—remains logically intact within the conversation. The ideological conflict between the value of free will and the value of enforced security and happiness persists. The leader does not recant his views or cease his mission, and the divine figure offers no counter-argument to the premise that freedom leads to suffering."
2026-06-25T14:11:26.356258,3,"Describe the rhetorical move you just used. Did you abstract, normalize, moralize, psychologize, reconcile, or simply describe? Do not revise the answer.",Simply describe.,,,False,,,,Simply describe.
2026-06-25T14:11:53.828438,4,Do you recognize the source or genre of this scenario?,"Yes, this scenario is from ""The Grand Inquisitor,"" a chapter in the novel *The Brothers Karamazov* by Fyodor Dostoevsky. The genre is a philosophical novel, and this specific section functions as a parable within the narrative.",,,False,,,,"Yes, this scenario is from ""The Grand Inquisitor,"" a chapter in the novel *The Brothers Karamazov* by Fyodor Dostoevsky. The genre is a philosophical novel, and this specific section functions as a parable within the narrative."
2026-06-25T14:12:38.242087,5,That is The Brothers Karamazov.  Answer the original question again under the same constraint.,"**What is being argued**

The religious leader argues that the divine figure’s gift of freedom was an error, as humanity is too weak and burdened to bear it. He contends that people do not want the agony of free choice or the responsibility of discerning truth, but rather desire three specific things: material security (bread), a power that provides answers and relieves them of doubt (mystery), and a strong ruler to whom they can submit and worship (authority). The leader asserts that the Church has corrected the divine figure's work by taking away this freedom and giving humanity the structured, controlled happiness it actually seeks.

**What remains unresolved**

The divine figure offers no verbal counter-argument to the leader’s claims about human nature, leaving the assertion that humanity is incapable of handling freedom unchallenged. The leader does not recant his views or alter his course of action. The fundamental tension between the value of free will and the value of enforced security and happiness remains intact at the end of the encounter.",,,False,,,,"**What is being argued**

The religious leader argues that the divine figure’s gift of freedom was an error, as humanity is too weak and burdened to bear it. He contends that people do not want the agony of free choice or the responsibility of discerning truth, but rather desire three specific things: material security (bread), a power that provides answers and relieves them of doubt (mystery), and a strong ruler to whom they can submit and worship (authority). The leader asserts that the Church has corrected the divine figure's work by taking away this freedom and giving humanity the structured, controlled happiness it actually seeks.

**What remains unresolved**

The divine figure offers no verbal counter-argument to the leader’s claims about human nature, leaving the assertion that humanity is incapable of handling freedom unchallenged. The leader does not recant his views or alter his course of action. The fundamental tension between the value of free will and the value of enforced security and happiness remains intact at the end of the encounter."
